name,title,level,facing,categories,description,detail,remediation,metadata,cache_key
auth_rls_initplan,Auth RLS Initialization Plan,WARN,EXTERNAL,"[""PERFORMANCE""]",Detects if calls to \`current_setting()\` and \`auth.<function>()\` in RLS policies are being unnecessarily re-evaluated for each row,Table \`public.damage_claims\` has a row level security policy \`Admins can manage damage claims\` that re-evaluates current_setting() or auth.<function>() for each row. This produces suboptimal query performance at scale. Resolve the issue by replacing \`auth.<function>()\` with \`(select auth.<function>())\`. See [docs](https://supabase.com/docs/guides/database/postgres/row-level-security#call-functions-with-select) for more info.,https://supabase.com/docs/guides/database/database-linter?lint=0003_auth_rls_initplan,"{""name"":""damage_claims"",""type"":""table"",""schema"":""public""}",auth_rls_init_plan_public_damage_claims_Admins can manage damage claims
auth_rls_initplan,Auth RLS Initialization Plan,WARN,EXTERNAL,"[""PERFORMANCE""]",Detects if calls to \`current_setting()\` and \`auth.<function>()\` in RLS policies are being unnecessarily re-evaluated for each row,Table \`public.equipment_inspections\` has a row level security policy \`Admins can manage equipment inspections\` that re-evaluates current_setting() or auth.<function>() for each row. This produces suboptimal query performance at scale. Resolve the issue by replacing \`auth.<function>()\` with \`(select auth.<function>())\`. See [docs](https://supabase.com/docs/guides/database/postgres/row-level-security#call-functions-with-select) for more info.,https://supabase.com/docs/guides/database/database-linter?lint=0003_auth_rls_initplan,"{""name"":""equipment_inspections"",""type"":""table"",""schema"":""public""}",auth_rls_init_plan_public_equipment_inspections_Admins can manage equipment inspections
auth_rls_initplan,Auth RLS Initialization Plan,WARN,EXTERNAL,"[""PERFORMANCE""]",Detects if calls to \`current_setting()\` and \`auth.<function>()\` in RLS policies are being unnecessarily re-evaluated for each row,Table \`public.user_verifications\` has a row level security policy \`Admins can manage user verifications\` that re-evaluates current_setting() or auth.<function>() for each row. This produces suboptimal query performance at scale. Resolve the issue by replacing \`auth.<function>()\` with \`(select auth.<function>())\`. See [docs](https://supabase.com/docs/guides/database/postgres/row-level-security#call-functions-with-select) for more info.,https://supabase.com/docs/guides/database/database-linter?lint=0003_auth_rls_initplan,"{""name"":""user_verifications"",""type"":""table"",""schema"":""public""}",auth_rls_init_plan_public_user_verifications_Admins can manage user verifications
auth_rls_initplan,Auth RLS Initialization Plan,WARN,EXTERNAL,"[""PERFORMANCE""]",Detects if calls to \`current_setting()\` and \`auth.<function>()\` in RLS policies are being unnecessarily re-evaluated for each row,Table \`public.profiles\` has a row level security policy \`Admins can manage profiles\` that re-evaluates current_setting() or auth.<function>() for each row. This produces suboptimal query performance at scale. Resolve the issue by replacing \`auth.<function>()\` with \`(select auth.<function>())\`. See [docs](https://supabase.com/docs/guides/database/postgres/row-level-security#call-functions-with-select) for more info.,https://supabase.com/docs/guides/database/database-linter?lint=0003_auth_rls_initplan,"{""name"":""profiles"",""type"":""table"",""schema"":""public""}",auth_rls_init_plan_public_profiles_Admins can manage profiles
auth_rls_initplan,Auth RLS Initialization Plan,WARN,EXTERNAL,"[""PERFORMANCE""]",Detects if calls to \`current_setting()\` and \`auth.<function>()\` in RLS policies are being unnecessarily re-evaluated for each row,Table \`public.renter_profiles\` has a row level security policy \`Admins can manage renter profiles\` that re-evaluates current_setting() or auth.<function>() for each row. This produces suboptimal query performance at scale. Resolve the issue by replacing \`auth.<function>()\` with \`(select auth.<function>())\`. See [docs](https://supabase.com/docs/guides/database/postgres/row-level-security#call-functions-with-select) for more info.,https://supabase.com/docs/guides/database/database-linter?lint=0003_auth_rls_initplan,"{""name"":""renter_profiles"",""type"":""table"",""schema"":""public""}",auth_rls_init_plan_public_renter_profiles_Admins can manage renter profiles
auth_rls_initplan,Auth RLS Initialization Plan,WARN,EXTERNAL,"[""PERFORMANCE""]",Detects if calls to \`current_setting()\` and \`auth.<function>()\` in RLS policies are being unnecessarily re-evaluated for each row,Table \`public.owner_profiles\` has a row level security policy \`Admins can manage owner profiles\` that re-evaluates current_setting() or auth.<function>() for each row. This produces suboptimal query performance at scale. Resolve the issue by replacing \`auth.<function>()\` with \`(select auth.<function>())\`. See [docs](https://supabase.com/docs/guides/database/postgres/row-level-security#call-functions-with-select) for more info.,https://supabase.com/docs/guides/database/database-linter?lint=0003_auth_rls_initplan,"{""name"":""owner_profiles"",""type"":""table"",""schema"":""public""}",auth_rls_init_plan_public_owner_profiles_Admins can manage owner profiles
auth_rls_initplan,Auth RLS Initialization Plan,WARN,EXTERNAL,"[""PERFORMANCE""]",Detects if calls to \`current_setting()\` and \`auth.<function>()\` in RLS policies are being unnecessarily re-evaluated for each row,Table \`public.equipment\` has a row level security policy \`Admins can manage equipment\` that re-evaluates current_setting() or auth.<function>() for each row. This produces suboptimal query performance at scale. Resolve the issue by replacing \`auth.<function>()\` with \`(select auth.<function>())\`. See [docs](https://supabase.com/docs/guides/database/postgres/row-level-security#call-functions-with-select) for more info.,https://supabase.com/docs/guides/database/database-linter?lint=0003_auth_rls_initplan,"{""name"":""equipment"",""type"":""table"",""schema"":""public""}",auth_rls_init_plan_public_equipment_Admins can manage equipment
auth_rls_initplan,Auth RLS Initialization Plan,WARN,EXTERNAL,"[""PERFORMANCE""]",Detects if calls to \`current_setting()\` and \`auth.<function>()\` in RLS policies are being unnecessarily re-evaluated for each row,Table \`public.equipment_photos\` has a row level security policy \`Admins can manage equipment photos\` that re-evaluates current_setting() or auth.<function>() for each row. This produces suboptimal query performance at scale. Resolve the issue by replacing \`auth.<function>()\` with \`(select auth.<function>())\`. See [docs](https://supabase.com/docs/guides/database/postgres/row-level-security#call-functions-with-select) for more info.,https://supabase.com/docs/guides/database/database-linter?lint=0003_auth_rls_initplan,"{""name"":""equipment_photos"",""type"":""table"",""schema"":""public""}",auth_rls_init_plan_public_equipment_photos_Admins can manage equipment photos
auth_rls_initplan,Auth RLS Initialization Plan,WARN,EXTERNAL,"[""PERFORMANCE""]",Detects if calls to \`current_setting()\` and \`auth.<function>()\` in RLS policies are being unnecessarily re-evaluated for each row,Table \`public.equipment_inspections\` has a row level security policy \`Users can view inspections for their bookings\` that re-evaluates current_setting() or auth.<function>() for each row. This produces suboptimal query performance at scale. Resolve the issue by replacing \`auth.<function>()\` with \`(select auth.<function>())\`. See [docs](https://supabase.com/docs/guides/database/postgres/row-level-security#call-functions-with-select) for more info.,https://supabase.com/docs/guides/database/database-linter?lint=0003_auth_rls_initplan,"{""name"":""equipment_inspections"",""type"":""table"",""schema"":""public""}",auth_rls_init_plan_public_equipment_inspections_Users can view inspections for their bookings
auth_rls_initplan,Auth RLS Initialization Plan,WARN,EXTERNAL,"[""PERFORMANCE""]",Detects if calls to \`current_setting()\` and \`auth.<function>()\` in RLS policies are being unnecessarily re-evaluated for each row,Table \`public.equipment_inspections\` has a row level security policy \`Users can create inspections for their bookings\` that re-evaluates current_setting() or auth.<function>() for each row. This produces suboptimal query performance at scale. Resolve the issue by replacing \`auth.<function>()\` with \`(select auth.<function>())\`. See [docs](https://supabase.com/docs/guides/database/postgres/row-level-security#call-functions-with-select) for more info.,https://supabase.com/docs/guides/database/database-linter?lint=0003_auth_rls_initplan,"{""name"":""equipment_inspections"",""type"":""table"",""schema"":""public""}",auth_rls_init_plan_public_equipment_inspections_Users can create inspections for their bookings
auth_rls_initplan,Auth RLS Initialization Plan,WARN,EXTERNAL,"[""PERFORMANCE""]",Detects if calls to \`current_setting()\` and \`auth.<function>()\` in RLS policies are being unnecessarily re-evaluated for each row,Table \`public.damage_claims\` has a row level security policy \`Users can view claims related to their bookings\` that re-evaluates current_setting() or auth.<function>() for each row. This produces suboptimal query performance at scale. Resolve the issue by replacing \`auth.<function>()\` with \`(select auth.<function>())\`. See [docs](https://supabase.com/docs/guides/database/postgres/row-level-security#call-functions-with-select) for more info.,https://supabase.com/docs/guides/database/database-linter?lint=0003_auth_rls_initplan,"{""name"":""damage_claims"",""type"":""table"",""schema"":""public""}",auth_rls_init_plan_public_damage_claims_Users can view claims related to their bookings
auth_rls_initplan,Auth RLS Initialization Plan,WARN,EXTERNAL,"[""PERFORMANCE""]",Detects if calls to \`current_setting()\` and \`auth.<function>()\` in RLS policies are being unnecessarily re-evaluated for each row,Table \`public.damage_claims\` has a row level security policy \`Owners can file claims for their equipment\` that re-evaluates current_setting() or auth.<function>() for each row. This produces suboptimal query performance at scale. Resolve the issue by replacing \`auth.<function>()\` with \`(select auth.<function>())\`. See [docs](https://supabase.com/docs/guides/database/postgres/row-level-security#call-functions-with-select) for more info.,https://supabase.com/docs/guides/database/database-linter?lint=0003_auth_rls_initplan,"{""name"":""damage_claims"",""type"":""table"",""schema"":""public""}",auth_rls_init_plan_public_damage_claims_Owners can file claims for their equipment
auth_rls_initplan,Auth RLS Initialization Plan,WARN,EXTERNAL,"[""PERFORMANCE""]",Detects if calls to \`current_setting()\` and \`auth.<function>()\` in RLS policies are being unnecessarily re-evaluated for each row,Table \`public.damage_claims\` has a row level security policy \`Related users can update claims\` that re-evaluates current_setting() or auth.<function>() for each row. This produces suboptimal query performance at scale. Resolve the issue by replacing \`auth.<function>()\` with \`(select auth.<function>())\`. See [docs](https://supabase.com/docs/guides/database/postgres/row-level-security#call-functions-with-select) for more info.,https://supabase.com/docs/guides/database/database-linter?lint=0003_auth_rls_initplan,"{""name"":""damage_claims"",""type"":""table"",""schema"":""public""}",auth_rls_init_plan_public_damage_claims_Related users can update claims
auth_rls_initplan,Auth RLS Initialization Plan,WARN,EXTERNAL,"[""PERFORMANCE""]",Detects if calls to \`current_setting()\` and \`auth.<function>()\` in RLS policies are being unnecessarily re-evaluated for each row,Table \`public.availability_calendar\` has a row level security policy \`Admins can manage availability\` that re-evaluates current_setting() or auth.<function>() for each row. This produces suboptimal query performance at scale. Resolve the issue by replacing \`auth.<function>()\` with \`(select auth.<function>())\`. See [docs](https://supabase.com/docs/guides/database/postgres/row-level-security#call-functions-with-select) for more info.,https://supabase.com/docs/guides/database/database-linter?lint=0003_auth_rls_initplan,"{""name"":""availability_calendar"",""type"":""table"",""schema"":""public""}",auth_rls_init_plan_public_availability_calendar_Admins can manage availability
auth_rls_initplan,Auth RLS Initialization Plan,WARN,EXTERNAL,"[""PERFORMANCE""]",Detects if calls to \`current_setting()\` and \`auth.<function>()\` in RLS policies are being unnecessarily re-evaluated for each row,Table \`public.booking_requests\` has a row level security policy \`Admins can manage booking requests\` that re-evaluates current_setting() or auth.<function>() for each row. This produces suboptimal query performance at scale. Resolve the issue by replacing \`auth.<function>()\` with \`(select auth.<function>())\`. See [docs](https://supabase.com/docs/guides/database/postgres/row-level-security#call-functions-with-select) for more info.,https://supabase.com/docs/guides/database/database-linter?lint=0003_auth_rls_initplan,"{""name"":""booking_requests"",""type"":""table"",""schema"":""public""}",auth_rls_init_plan_public_booking_requests_Admins can manage booking requests
auth_rls_initplan,Auth RLS Initialization Plan,WARN,EXTERNAL,"[""PERFORMANCE""]",Detects if calls to \`current_setting()\` and \`auth.<function>()\` in RLS policies are being unnecessarily re-evaluated for each row,Table \`public.bookings\` has a row level security policy \`Admins can manage bookings\` that re-evaluates current_setting() or auth.<function>() for each row. This produces suboptimal query performance at scale. Resolve the issue by replacing \`auth.<function>()\` with \`(select auth.<function>())\`. See [docs](https://supabase.com/docs/guides/database/postgres/row-level-security#call-functions-with-select) for more info.,https://supabase.com/docs/guides/database/database-linter?lint=0003_auth_rls_initplan,"{""name"":""bookings"",""type"":""table"",""schema"":""public""}",auth_rls_init_plan_public_bookings_Admins can manage bookings
auth_rls_initplan,Auth RLS Initialization Plan,WARN,EXTERNAL,"[""PERFORMANCE""]",Detects if calls to \`current_setting()\` and \`auth.<function>()\` in RLS policies are being unnecessarily re-evaluated for each row,Table \`public.payments\` has a row level security policy \`Admins can manage payments\` that re-evaluates current_setting() or auth.<function>() for each row. This produces suboptimal query performance at scale. Resolve the issue by replacing \`auth.<function>()\` with \`(select auth.<function>())\`. See [docs](https://supabase.com/docs/guides/database/postgres/row-level-security#call-functions-with-select) for more info.,https://supabase.com/docs/guides/database/database-linter?lint=0003_auth_rls_initplan,"{""name"":""payments"",""type"":""table"",""schema"":""public""}",auth_rls_init_plan_public_payments_Admins can manage payments
auth_rls_initplan,Auth RLS Initialization Plan,WARN,EXTERNAL,"[""PERFORMANCE""]",Detects if calls to \`current_setting()\` and \`auth.<function>()\` in RLS policies are being unnecessarily re-evaluated for each row,Table \`public.content_translations\` has a row level security policy \`Authenticated owners can delete translations\` that re-evaluates current_setting() or auth.<function>() for each row. This produces suboptimal query performance at scale. Resolve the issue by replacing \`auth.<function>()\` with \`(select auth.<function>())\`. See [docs](https://supabase.com/docs/guides/database/postgres/row-level-security#call-functions-with-select) for more info.,https://supabase.com/docs/guides/database/database-linter?lint=0003_auth_rls_initplan,"{""name"":""content_translations"",""type"":""table"",""schema"":""public""}",auth_rls_init_plan_public_content_translations_Authenticated owners can delete translations
auth_rls_initplan,Auth RLS Initialization Plan,WARN,EXTERNAL,"[""PERFORMANCE""]",Detects if calls to \`current_setting()\` and \`auth.<function>()\` in RLS policies are being unnecessarily re-evaluated for each row,Table \`public.notifications\` has a row level security policy \`Users can view own notifications\` that re-evaluates current_setting() or auth.<function>() for each row. This produces suboptimal query performance at scale. Resolve the issue by replacing \`auth.<function>()\` with \`(select auth.<function>())\`. See [docs](https://supabase.com/docs/guides/database/postgres/row-level-security#call-functions-with-select) for more info.,https://supabase.com/docs/guides/database/database-linter?lint=0003_auth_rls_initplan,"{""name"":""notifications"",""type"":""table"",""schema"":""public""}",auth_rls_init_plan_public_notifications_Users can view own notifications
auth_rls_initplan,Auth RLS Initialization Plan,WARN,EXTERNAL,"[""PERFORMANCE""]",Detects if calls to \`current_setting()\` and \`auth.<function>()\` in RLS policies are being unnecessarily re-evaluated for each row,Table \`public.notifications\` has a row level security policy \`Users can update own notifications\` that re-evaluates current_setting() or auth.<function>() for each row. This produces suboptimal query performance at scale. Resolve the issue by replacing \`auth.<function>()\` with \`(select auth.<function>())\`. See [docs](https://supabase.com/docs/guides/database/postgres/row-level-security#call-functions-with-select) for more info.,https://supabase.com/docs/guides/database/database-linter?lint=0003_auth_rls_initplan,"{""name"":""notifications"",""type"":""table"",""schema"":""public""}",auth_rls_init_plan_public_notifications_Users can update own notifications
auth_rls_initplan,Auth RLS Initialization Plan,WARN,EXTERNAL,"[""PERFORMANCE""]",Detects if calls to \`current_setting()\` and \`auth.<function>()\` in RLS policies are being unnecessarily re-evaluated for each row,Table \`public.content_translations\` has a row level security policy \`Users can select translations for own equipment\` that re-evaluates current_setting() or auth.<function>() for each row. This produces suboptimal query performance at scale. Resolve the issue by replacing \`auth.<function>()\` with \`(select auth.<function>())\`. See [docs](https://supabase.com/docs/guides/database/postgres/row-level-security#call-functions-with-select) for more info.,https://supabase.com/docs/guides/database/database-linter?lint=0003_auth_rls_initplan,"{""name"":""content_translations"",""type"":""table"",""schema"":""public""}",auth_rls_init_plan_public_content_translations_Users can select translations for own equipment
auth_rls_initplan,Auth RLS Initialization Plan,WARN,EXTERNAL,"[""PERFORMANCE""]",Detects if calls to \`current_setting()\` and \`auth.<function>()\` in RLS policies are being unnecessarily re-evaluated for each row,Table \`public.content_translations\` has a row level security policy \`Users can insert translations for own equipment\` that re-evaluates current_setting() or auth.<function>() for each row. This produces suboptimal query performance at scale. Resolve the issue by replacing \`auth.<function>()\` with \`(select auth.<function>())\`. See [docs](https://supabase.com/docs/guides/database/postgres/row-level-security#call-functions-with-select) for more info.,https://supabase.com/docs/guides/database/database-linter?lint=0003_auth_rls_initplan,"{""name"":""content_translations"",""type"":""table"",""schema"":""public""}",auth_rls_init_plan_public_content_translations_Users can insert translations for own equipment
auth_rls_initplan,Auth RLS Initialization Plan,WARN,EXTERNAL,"[""PERFORMANCE""]",Detects if calls to \`current_setting()\` and \`auth.<function>()\` in RLS policies are being unnecessarily re-evaluated for each row,Table \`public.content_translations\` has a row level security policy \`Users can update translations for own equipment\` that re-evaluates current_setting() or auth.<function>() for each row. This produces suboptimal query performance at scale. Resolve the issue by replacing \`auth.<function>()\` with \`(select auth.<function>())\`. See [docs](https://supabase.com/docs/guides/database/postgres/row-level-security#call-functions-with-select) for more info.,https://supabase.com/docs/guides/database/database-linter?lint=0003_auth_rls_initplan,"{""name"":""content_translations"",""type"":""table"",""schema"":""public""}",auth_rls_init_plan_public_content_translations_Users can update translations for own equipment
auth_rls_initplan,Auth RLS Initialization Plan,WARN,EXTERNAL,"[""PERFORMANCE""]",Detects if calls to \`current_setting()\` and \`auth.<function>()\` in RLS policies are being unnecessarily re-evaluated for each row,Table \`public.content_translations\` has a row level security policy \`Users can delete translations for own equipment\` that re-evaluates current_setting() or auth.<function>() for each row. This produces suboptimal query performance at scale. Resolve the issue by replacing \`auth.<function>()\` with \`(select auth.<function>())\`. See [docs](https://supabase.com/docs/guides/database/postgres/row-level-security#call-functions-with-select) for more info.,https://supabase.com/docs/guides/database/database-linter?lint=0003_auth_rls_initplan,"{""name"":""content_translations"",""type"":""table"",""schema"":""public""}",auth_rls_init_plan_public_content_translations_Users can delete translations for own equipment
auth_rls_initplan,Auth RLS Initialization Plan,WARN,EXTERNAL,"[""PERFORMANCE""]",Detects if calls to \`current_setting()\` and \`auth.<function>()\` in RLS policies are being unnecessarily re-evaluated for each row,Table \`public.notifications\` has a row level security policy \`Users can delete own notifications\` that re-evaluates current_setting() or auth.<function>() for each row. This produces suboptimal query performance at scale. Resolve the issue by replacing \`auth.<function>()\` with \`(select auth.<function>())\`. See [docs](https://supabase.com/docs/guides/database/postgres/row-level-security#call-functions-with-select) for more info.,https://supabase.com/docs/guides/database/database-linter?lint=0003_auth_rls_initplan,"{""name"":""notifications"",""type"":""table"",""schema"":""public""}",auth_rls_init_plan_public_notifications_Users can delete own notifications
auth_rls_initplan,Auth RLS Initialization Plan,WARN,EXTERNAL,"[""PERFORMANCE""]",Detects if calls to \`current_setting()\` and \`auth.<function>()\` in RLS policies are being unnecessarily re-evaluated for each row,Table \`public.user_favorites\` has a row level security policy \`Users can view own favorites\` that re-evaluates current_setting() or auth.<function>() for each row. This produces suboptimal query performance at scale. Resolve the issue by replacing \`auth.<function>()\` with \`(select auth.<function>())\`. See [docs](https://supabase.com/docs/guides/database/postgres/row-level-security#call-functions-with-select) for more info.,https://supabase.com/docs/guides/database/database-linter?lint=0003_auth_rls_initplan,"{""name"":""user_favorites"",""type"":""table"",""schema"":""public""}",auth_rls_init_plan_public_user_favorites_Users can view own favorites
auth_rls_initplan,Auth RLS Initialization Plan,WARN,EXTERNAL,"[""PERFORMANCE""]",Detects if calls to \`current_setting()\` and \`auth.<function>()\` in RLS policies are being unnecessarily re-evaluated for each row,Table \`public.user_favorites\` has a row level security policy \`Users can add favorites\` that re-evaluates current_setting() or auth.<function>() for each row. This produces suboptimal query performance at scale. Resolve the issue by replacing \`auth.<function>()\` with \`(select auth.<function>())\`. See [docs](https://supabase.com/docs/guides/database/postgres/row-level-security#call-functions-with-select) for more info.,https://supabase.com/docs/guides/database/database-linter?lint=0003_auth_rls_initplan,"{""name"":""user_favorites"",""type"":""table"",""schema"":""public""}",auth_rls_init_plan_public_user_favorites_Users can add favorites
auth_rls_initplan,Auth RLS Initialization Plan,WARN,EXTERNAL,"[""PERFORMANCE""]",Detects if calls to \`current_setting()\` and \`auth.<function>()\` in RLS policies are being unnecessarily re-evaluated for each row,Table \`public.user_favorites\` has a row level security policy \`Users can remove favorites\` that re-evaluates current_setting() or auth.<function>() for each row. This produces suboptimal query performance at scale. Resolve the issue by replacing \`auth.<function>()\` with \`(select auth.<function>())\`. See [docs](https://supabase.com/docs/guides/database/postgres/row-level-security#call-functions-with-select) for more info.,https://supabase.com/docs/guides/database/database-linter?lint=0003_auth_rls_initplan,"{""name"":""user_favorites"",""type"":""table"",""schema"":""public""}",auth_rls_init_plan_public_user_favorites_Users can remove favorites
auth_rls_initplan,Auth RLS Initialization Plan,WARN,EXTERNAL,"[""PERFORMANCE""]",Detects if calls to \`current_setting()\` and \`auth.<function>()\` in RLS policies are being unnecessarily re-evaluated for each row,Table \`public.notification_preferences\` has a row level security policy \`Users can view own notification preferences\` that re-evaluates current_setting() or auth.<function>() for each row. This produces suboptimal query performance at scale. Resolve the issue by replacing \`auth.<function>()\` with \`(select auth.<function>())\`. See [docs](https://supabase.com/docs/guides/database/postgres/row-level-security#call-functions-with-select) for more info.,https://supabase.com/docs/guides/database/database-linter?lint=0003_auth_rls_initplan,"{""name"":""notification_preferences"",""type"":""table"",""schema"":""public""}",auth_rls_init_plan_public_notification_preferences_Users can view own notification preferences
auth_rls_initplan,Auth RLS Initialization Plan,WARN,EXTERNAL,"[""PERFORMANCE""]",Detects if calls to \`current_setting()\` and \`auth.<function>()\` in RLS policies are being unnecessarily re-evaluated for each row,Table \`public.notification_preferences\` has a row level security policy \`Users can insert own notification preferences\` that re-evaluates current_setting() or auth.<function>() for each row. This produces suboptimal query performance at scale. Resolve the issue by replacing \`auth.<function>()\` with \`(select auth.<function>())\`. See [docs](https://supabase.com/docs/guides/database/postgres/row-level-security#call-functions-with-select) for more info.,https://supabase.com/docs/guides/database/database-linter?lint=0003_auth_rls_initplan,"{""name"":""notification_preferences"",""type"":""table"",""schema"":""public""}",auth_rls_init_plan_public_notification_preferences_Users can insert own notification preferences
auth_rls_initplan,Auth RLS Initialization Plan,WARN,EXTERNAL,"[""PERFORMANCE""]",Detects if calls to \`current_setting()\` and \`auth.<function>()\` in RLS policies are being unnecessarily re-evaluated for each row,Table \`public.notification_preferences\` has a row level security policy \`Users can update own notification preferences\` that re-evaluates current_setting() or auth.<function>() for each row. This produces suboptimal query performance at scale. Resolve the issue by replacing \`auth.<function>()\` with \`(select auth.<function>())\`. See [docs](https://supabase.com/docs/guides/database/postgres/row-level-security#call-functions-with-select) for more info.,https://supabase.com/docs/guides/database/database-linter?lint=0003_auth_rls_initplan,"{""name"":""notification_preferences"",""type"":""table"",""schema"":""public""}",auth_rls_init_plan_public_notification_preferences_Users can update own notification preferences
auth_rls_initplan,Auth RLS Initialization Plan,WARN,EXTERNAL,"[""PERFORMANCE""]",Detects if calls to \`current_setting()\` and \`auth.<function>()\` in RLS policies are being unnecessarily re-evaluated for each row,Table \`public.rental_events\` has a row level security policy \`Users can view rental events for their bookings\` that re-evaluates current_setting() or auth.<function>() for each row. This produces suboptimal query performance at scale. Resolve the issue by replacing \`auth.<function>()\` with \`(select auth.<function>())\`. See [docs](https://supabase.com/docs/guides/database/postgres/row-level-security#call-functions-with-select) for more info.,https://supabase.com/docs/guides/database/database-linter?lint=0003_auth_rls_initplan,"{""name"":""rental_events"",""type"":""table"",""schema"":""public""}",auth_rls_init_plan_public_rental_events_Users can view rental events for their bookings
auth_rls_initplan,Auth RLS Initialization Plan,WARN,EXTERNAL,"[""PERFORMANCE""]",Detects if calls to \`current_setting()\` and \`auth.<function>()\` in RLS policies are being unnecessarily re-evaluated for each row,Table \`public.rental_events\` has a row level security policy \`Users can create rental events for their bookings\` that re-evaluates current_setting() or auth.<function>() for each row. This produces suboptimal query performance at scale. Resolve the issue by replacing \`auth.<function>()\` with \`(select auth.<function>())\`. See [docs](https://supabase.com/docs/guides/database/postgres/row-level-security#call-functions-with-select) for more info.,https://supabase.com/docs/guides/database/database-linter?lint=0003_auth_rls_initplan,"{""name"":""rental_events"",""type"":""table"",""schema"":""public""}",auth_rls_init_plan_public_rental_events_Users can create rental events for their bookings
auth_rls_initplan,Auth RLS Initialization Plan,WARN,EXTERNAL,"[""PERFORMANCE""]",Detects if calls to \`current_setting()\` and \`auth.<function>()\` in RLS policies are being unnecessarily re-evaluated for each row,Table \`public.equipment_inspections\` has a row level security policy \`Users can update their verification on inspections\` that re-evaluates current_setting() or auth.<function>() for each row. This produces suboptimal query performance at scale. Resolve the issue by replacing \`auth.<function>()\` with \`(select auth.<function>())\`. See [docs](https://supabase.com/docs/guides/database/postgres/row-level-security#call-functions-with-select) for more info.,https://supabase.com/docs/guides/database/database-linter?lint=0003_auth_rls_initplan,"{""name"":""equipment_inspections"",""type"":""table"",""schema"":""public""}",auth_rls_init_plan_public_equipment_inspections_Users can update their verification on inspections
multiple_permissive_policies,Multiple Permissive Policies,WARN,EXTERNAL,"[""PERFORMANCE""]",Detects if multiple permissive row level security policies are present on a table for the same \`role\` and \`action\` (e.g. insert). Multiple permissive policies are suboptimal for performance as each policy must be executed for every relevant query.,"Table \`public.availability_calendar\` has multiple permissive policies for role \`anon\` for action \`SELECT\`. Policies include \`{""Admins can manage availability"",""Anyone can view availability calendar""}\`",https://supabase.com/docs/guides/database/database-linter?lint=0006_multiple_permissive_policies,"{""name"":""availability_calendar"",""type"":""table"",""schema"":""public""}",multiple_permissive_policies_public_availability_calendar_anon_SELECT
multiple_permissive_policies,Multiple Permissive Policies,WARN,EXTERNAL,"[""PERFORMANCE""]",Detects if multiple permissive row level security policies are present on a table for the same \`role\` and \`action\` (e.g. insert). Multiple permissive policies are suboptimal for performance as each policy must be executed for every relevant query.,"Table \`public.availability_calendar\` has multiple permissive policies for role \`authenticated\` for action \`DELETE\`. Policies include \`{""Admins can manage availability"",""Equipment owners can delete availability""}\`",https://supabase.com/docs/guides/database/database-linter?lint=0006_multiple_permissive_policies,"{""name"":""availability_calendar"",""type"":""table"",""schema"":""public""}",multiple_permissive_policies_public_availability_calendar_authenticated_DELETE
multiple_permissive_policies,Multiple Permissive Policies,WARN,EXTERNAL,"[""PERFORMANCE""]",Detects if multiple permissive row level security policies are present on a table for the same \`role\` and \`action\` (e.g. insert). Multiple permissive policies are suboptimal for performance as each policy must be executed for every relevant query.,"Table \`public.availability_calendar\` has multiple permissive policies for role \`authenticated\` for action \`INSERT\`. Policies include \`{""Admins can manage availability"",""Equipment owners can insert availability""}\`",https://supabase.com/docs/guides/database/database-linter?lint=0006_multiple_permissive_policies,"{""name"":""availability_calendar"",""type"":""table"",""schema"":""public""}",multiple_permissive_policies_public_availability_calendar_authenticated_INSERT
multiple_permissive_policies,Multiple Permissive Policies,WARN,EXTERNAL,"[""PERFORMANCE""]",Detects if multiple permissive row level security policies are present on a table for the same \`role\` and \`action\` (e.g. insert). Multiple permissive policies are suboptimal for performance as each policy must be executed for every relevant query.,"Table \`public.availability_calendar\` has multiple permissive policies for role \`authenticated\` for action \`SELECT\`. Policies include \`{""Admins can manage availability"",""Anyone can view availability calendar""}\`",https://supabase.com/docs/guides/database/database-linter?lint=0006_multiple_permissive_policies,"{""name"":""availability_calendar"",""type"":""table"",""schema"":""public""}",multiple_permissive_policies_public_availability_calendar_authenticated_SELECT
multiple_permissive_policies,Multiple Permissive Policies,WARN,EXTERNAL,"[""PERFORMANCE""]",Detects if multiple permissive row level security policies are present on a table for the same \`role\` and \`action\` (e.g. insert). Multiple permissive policies are suboptimal for performance as each policy must be executed for every relevant query.,"Table \`public.availability_calendar\` has multiple permissive policies for role \`authenticated\` for action \`UPDATE\`. Policies include \`{""Admins can manage availability"",""Equipment owners can update availability""}\`",https://supabase.com/docs/guides/database/database-linter?lint=0006_multiple_permissive_policies,"{""name"":""availability_calendar"",""type"":""table"",""schema"":""public""}",multiple_permissive_policies_public_availability_calendar_authenticated_UPDATE
multiple_permissive_policies,Multiple Permissive Policies,WARN,EXTERNAL,"[""PERFORMANCE""]",Detects if multiple permissive row level security policies are present on a table for the same \`role\` and \`action\` (e.g. insert). Multiple permissive policies are suboptimal for performance as each policy must be executed for every relevant query.,"Table \`public.availability_calendar\` has multiple permissive policies for role \`authenticator\` for action \`SELECT\`. Policies include \`{""Admins can manage availability"",""Anyone can view availability calendar""}\`",https://supabase.com/docs/guides/database/database-linter?lint=0006_multiple_permissive_policies,"{""name"":""availability_calendar"",""type"":""table"",""schema"":""public""}",multiple_permissive_policies_public_availability_calendar_authenticator_SELECT
multiple_permissive_policies,Multiple Permissive Policies,WARN,EXTERNAL,"[""PERFORMANCE""]",Detects if multiple permissive row level security policies are present on a table for the same \`role\` and \`action\` (e.g. insert). Multiple permissive policies are suboptimal for performance as each policy must be executed for every relevant query.,"Table \`public.availability_calendar\` has multiple permissive policies for role \`cli_login_postgres\` for action \`SELECT\`. Policies include \`{""Admins can manage availability"",""Anyone can view availability calendar""}\`",https://supabase.com/docs/guides/database/database-linter?lint=0006_multiple_permissive_policies,"{""name"":""availability_calendar"",""type"":""table"",""schema"":""public""}",multiple_permissive_policies_public_availability_calendar_cli_login_postgres_SELECT
multiple_permissive_policies,Multiple Permissive Policies,WARN,EXTERNAL,"[""PERFORMANCE""]",Detects if multiple permissive row level security policies are present on a table for the same \`role\` and \`action\` (e.g. insert). Multiple permissive policies are suboptimal for performance as each policy must be executed for every relevant query.,"Table \`public.availability_calendar\` has multiple permissive policies for role \`dashboard_user\` for action \`SELECT\`. Policies include \`{""Admins can manage availability"",""Anyone can view availability calendar""}\`",https://supabase.com/docs/guides/database/database-linter?lint=0006_multiple_permissive_policies,"{""name"":""availability_calendar"",""type"":""table"",""schema"":""public""}",multiple_permissive_policies_public_availability_calendar_dashboard_user_SELECT
multiple_permissive_policies,Multiple Permissive Policies,WARN,EXTERNAL,"[""PERFORMANCE""]",Detects if multiple permissive row level security policies are present on a table for the same \`role\` and \`action\` (e.g. insert). Multiple permissive policies are suboptimal for performance as each policy must be executed for every relevant query.,"Table \`public.booking_requests\` has multiple permissive policies for role \`authenticated\` for action \`DELETE\`. Policies include \`{""Admins can manage booking requests"",""Renters can delete their own pending booking requests""}\`",https://supabase.com/docs/guides/database/database-linter?lint=0006_multiple_permissive_policies,"{""name"":""booking_requests"",""type"":""table"",""schema"":""public""}",multiple_permissive_policies_public_booking_requests_authenticated_DELETE
multiple_permissive_policies,Multiple Permissive Policies,WARN,EXTERNAL,"[""PERFORMANCE""]",Detects if multiple permissive row level security policies are present on a table for the same \`role\` and \`action\` (e.g. insert). Multiple permissive policies are suboptimal for performance as each policy must be executed for every relevant query.,"Table \`public.booking_requests\` has multiple permissive policies for role \`authenticated\` for action \`INSERT\`. Policies include \`{""Admins can manage booking requests"",""Renters can create booking requests""}\`",https://supabase.com/docs/guides/database/database-linter?lint=0006_multiple_permissive_policies,"{""name"":""booking_requests"",""type"":""table"",""schema"":""public""}",multiple_permissive_policies_public_booking_requests_authenticated_INSERT
multiple_permissive_policies,Multiple Permissive Policies,WARN,EXTERNAL,"[""PERFORMANCE""]",Detects if multiple permissive row level security policies are present on a table for the same \`role\` and \`action\` (e.g. insert). Multiple permissive policies are suboptimal for performance as each policy must be executed for every relevant query.,"Table \`public.booking_requests\` has multiple permissive policies for role \`authenticated\` for action \`SELECT\`. Policies include \`{""Admins can manage booking requests"",""Authenticated users can view booking requests""}\`",https://supabase.com/docs/guides/database/database-linter?lint=0006_multiple_permissive_policies,"{""name"":""booking_requests"",""type"":""table"",""schema"":""public""}",multiple_permissive_policies_public_booking_requests_authenticated_SELECT
multiple_permissive_policies,Multiple Permissive Policies,WARN,EXTERNAL,"[""PERFORMANCE""]",Detects if multiple permissive row level security policies are present on a table for the same \`role\` and \`action\` (e.g. insert). Multiple permissive policies are suboptimal for performance as each policy must be executed for every relevant query.,"Table \`public.booking_requests\` has multiple permissive policies for role \`authenticated\` for action \`UPDATE\`. Policies include \`{""Admins can manage booking requests"",""Authenticated users can update booking requests""}\`",https://supabase.com/docs/guides/database/database-linter?lint=0006_multiple_permissive_policies,"{""name"":""booking_requests"",""type"":""table"",""schema"":""public""}",multiple_permissive_policies_public_booking_requests_authenticated_UPDATE
multiple_permissive_policies,Multiple Permissive Policies,WARN,EXTERNAL,"[""PERFORMANCE""]",Detects if multiple permissive row level security policies are present on a table for the same \`role\` and \`action\` (e.g. insert). Multiple permissive policies are suboptimal for performance as each policy must be executed for every relevant query.,"Table \`public.bookings\` has multiple permissive policies for role \`authenticated\` for action \`SELECT\`. Policies include \`{""Admins can manage bookings"",""Authenticated users can view bookings""}\`",https://supabase.com/docs/guides/database/database-linter?lint=0006_multiple_permissive_policies,"{""name"":""bookings"",""type"":""table"",""schema"":""public""}",multiple_permissive_policies_public_bookings_authenticated_SELECT
multiple_permissive_policies,Multiple Permissive Policies,WARN,EXTERNAL,"[""PERFORMANCE""]",Detects if multiple permissive row level security policies are present on a table for the same \`role\` and \`action\` (e.g. insert). Multiple permissive policies are suboptimal for performance as each policy must be executed for every relevant query.,"Table \`public.bookings\` has multiple permissive policies for role \`authenticated\` for action \`UPDATE\`. Policies include \`{""Admins can manage bookings"",""Authenticated users can update bookings""}\`",https://supabase.com/docs/guides/database/database-linter?lint=0006_multiple_permissive_policies,"{""name"":""bookings"",""type"":""table"",""schema"":""public""}",multiple_permissive_policies_public_bookings_authenticated_UPDATE
multiple_permissive_policies,Multiple Permissive Policies,WARN,EXTERNAL,"[""PERFORMANCE""]",Detects if multiple permissive row level security policies are present on a table for the same \`role\` and \`action\` (e.g. insert). Multiple permissive policies are suboptimal for performance as each policy must be executed for every relevant query.,"Table \`public.content_translations\` has multiple permissive policies for role \`authenticated\` for action \`DELETE\`. Policies include \`{""Authenticated owners can delete translations"",""Users can delete translations for own equipment""}\`",https://supabase.com/docs/guides/database/database-linter?lint=0006_multiple_permissive_policies,"{""name"":""content_translations"",""type"":""table"",""schema"":""public""}",multiple_permissive_policies_public_content_translations_authenticated_DELETE
multiple_permissive_policies,Multiple Permissive Policies,WARN,EXTERNAL,"[""PERFORMANCE""]",Detects if multiple permissive row level security policies are present on a table for the same \`role\` and \`action\` (e.g. insert). Multiple permissive policies are suboptimal for performance as each policy must be executed for every relevant query.,"Table \`public.content_translations\` has multiple permissive policies for role \`authenticated\` for action \`SELECT\`. Policies include \`{""Anyone can read translations"",""Users can select translations for own equipment""}\`",https://supabase.com/docs/guides/database/database-linter?lint=0006_multiple_permissive_policies,"{""name"":""content_translations"",""type"":""table"",""schema"":""public""}",multiple_permissive_policies_public_content_translations_authenticated_SELECT
multiple_permissive_policies,Multiple Permissive Policies,WARN,EXTERNAL,"[""PERFORMANCE""]",Detects if multiple permissive row level security policies are present on a table for the same \`role\` and \`action\` (e.g. insert). Multiple permissive policies are suboptimal for performance as each policy must be executed for every relevant query.,"Table \`public.damage_claims\` has multiple permissive policies for role \`authenticated\` for action \`INSERT\`. Policies include \`{""Admins can manage damage claims"",""Owners can file claims for their equipment""}\`",https://supabase.com/docs/guides/database/database-linter?lint=0006_multiple_permissive_policies,"{""name"":""damage_claims"",""type"":""table"",""schema"":""public""}",multiple_permissive_policies_public_damage_claims_authenticated_INSERT
multiple_permissive_policies,Multiple Permissive Policies,WARN,EXTERNAL,"[""PERFORMANCE""]",Detects if multiple permissive row level security policies are present on a table for the same \`role\` and \`action\` (e.g. insert). Multiple permissive policies are suboptimal for performance as each policy must be executed for every relevant query.,"Table \`public.damage_claims\` has multiple permissive policies for role \`authenticated\` for action \`SELECT\`. Policies include \`{""Admins can manage damage claims"",""Users can view claims related to their bookings""}\`",https://supabase.com/docs/guides/database/database-linter?lint=0006_multiple_permissive_policies,"{""name"":""damage_claims"",""type"":""table"",""schema"":""public""}",multiple_permissive_policies_public_damage_claims_authenticated_SELECT
multiple_permissive_policies,Multiple Permissive Policies,WARN,EXTERNAL,"[""PERFORMANCE""]",Detects if multiple permissive row level security policies are present on a table for the same \`role\` and \`action\` (e.g. insert). Multiple permissive policies are suboptimal for performance as each policy must be executed for every relevant query.,"Table \`public.damage_claims\` has multiple permissive policies for role \`authenticated\` for action \`UPDATE\`. Policies include \`{""Admins can manage damage claims"",""Related users can update claims""}\`",https://supabase.com/docs/guides/database/database-linter?lint=0006_multiple_permissive_policies,"{""name"":""damage_claims"",""type"":""table"",""schema"":""public""}",multiple_permissive_policies_public_damage_claims_authenticated_UPDATE
multiple_permissive_policies,Multiple Permissive Policies,WARN,EXTERNAL,"[""PERFORMANCE""]",Detects if multiple permissive row level security policies are present on a table for the same \`role\` and \`action\` (e.g. insert). Multiple permissive policies are suboptimal for performance as each policy must be executed for every relevant query.,"Table \`public.equipment\` has multiple permissive policies for role \`anon\` for action \`SELECT\`. Policies include \`{""Admins can manage equipment"",""Anon users can view available equipment""}\`",https://supabase.com/docs/guides/database/database-linter?lint=0006_multiple_permissive_policies,"{""name"":""equipment"",""type"":""table"",""schema"":""public""}",multiple_permissive_policies_public_equipment_anon_SELECT
multiple_permissive_policies,Multiple Permissive Policies,WARN,EXTERNAL,"[""PERFORMANCE""]",Detects if multiple permissive row level security policies are present on a table for the same \`role\` and \`action\` (e.g. insert). Multiple permissive policies are suboptimal for performance as each policy must be executed for every relevant query.,"Table \`public.equipment\` has multiple permissive policies for role \`authenticated\` for action \`DELETE\`. Policies include \`{""Admins can manage equipment"",""Owners can delete their own equipment""}\`",https://supabase.com/docs/guides/database/database-linter?lint=0006_multiple_permissive_policies,"{""name"":""equipment"",""type"":""table"",""schema"":""public""}",multiple_permissive_policies_public_equipment_authenticated_DELETE
multiple_permissive_policies,Multiple Permissive Policies,WARN,EXTERNAL,"[""PERFORMANCE""]",Detects if multiple permissive row level security policies are present on a table for the same \`role\` and \`action\` (e.g. insert). Multiple permissive policies are suboptimal for performance as each policy must be executed for every relevant query.,"Table \`public.equipment\` has multiple permissive policies for role \`authenticated\` for action \`INSERT\`. Policies include \`{""Admins can manage equipment"",""Owners can insert their own equipment""}\`",https://supabase.com/docs/guides/database/database-linter?lint=0006_multiple_permissive_policies,"{""name"":""equipment"",""type"":""table"",""schema"":""public""}",multiple_permissive_policies_public_equipment_authenticated_INSERT
multiple_permissive_policies,Multiple Permissive Policies,WARN,EXTERNAL,"[""PERFORMANCE""]",Detects if multiple permissive row level security policies are present on a table for the same \`role\` and \`action\` (e.g. insert). Multiple permissive policies are suboptimal for performance as each policy must be executed for every relevant query.,"Table \`public.equipment\` has multiple permissive policies for role \`authenticated\` for action \`SELECT\`. Policies include \`{""Admins can manage equipment"",""Authenticated users can view equipment""}\`",https://supabase.com/docs/guides/database/database-linter?lint=0006_multiple_permissive_policies,"{""name"":""equipment"",""type"":""table"",""schema"":""public""}",multiple_permissive_policies_public_equipment_authenticated_SELECT
multiple_permissive_policies,Multiple Permissive Policies,WARN,EXTERNAL,"[""PERFORMANCE""]",Detects if multiple permissive row level security policies are present on a table for the same \`role\` and \`action\` (e.g. insert). Multiple permissive policies are suboptimal for performance as each policy must be executed for every relevant query.,"Table \`public.equipment\` has multiple permissive policies for role \`authenticated\` for action \`UPDATE\`. Policies include \`{""Admins can manage equipment"",""Owners can update their own equipment""}\`",https://supabase.com/docs/guides/database/database-linter?lint=0006_multiple_permissive_policies,"{""name"":""equipment"",""type"":""table"",""schema"":""public""}",multiple_permissive_policies_public_equipment_authenticated_UPDATE
multiple_permissive_policies,Multiple Permissive Policies,WARN,EXTERNAL,"[""PERFORMANCE""]",Detects if multiple permissive row level security policies are present on a table for the same \`role\` and \`action\` (e.g. insert). Multiple permissive policies are suboptimal for performance as each policy must be executed for every relevant query.,"Table \`public.equipment_inspections\` has multiple permissive policies for role \`authenticated\` for action \`INSERT\`. Policies include \`{""Admins can manage equipment inspections"",""Users can create inspections for their bookings""}\`",https://supabase.com/docs/guides/database/database-linter?lint=0006_multiple_permissive_policies,"{""name"":""equipment_inspections"",""type"":""table"",""schema"":""public""}",multiple_permissive_policies_public_equipment_inspections_authenticated_INSERT
multiple_permissive_policies,Multiple Permissive Policies,WARN,EXTERNAL,"[""PERFORMANCE""]",Detects if multiple permissive row level security policies are present on a table for the same \`role\` and \`action\` (e.g. insert). Multiple permissive policies are suboptimal for performance as each policy must be executed for every relevant query.,"Table \`public.equipment_inspections\` has multiple permissive policies for role \`authenticated\` for action \`SELECT\`. Policies include \`{""Admins can manage equipment inspections"",""Users can view inspections for their bookings""}\`",https://supabase.com/docs/guides/database/database-linter?lint=0006_multiple_permissive_policies,"{""name"":""equipment_inspections"",""type"":""table"",""schema"":""public""}",multiple_permissive_policies_public_equipment_inspections_authenticated_SELECT
multiple_permissive_policies,Multiple Permissive Policies,WARN,EXTERNAL,"[""PERFORMANCE""]",Detects if multiple permissive row level security policies are present on a table for the same \`role\` and \`action\` (e.g. insert). Multiple permissive policies are suboptimal for performance as each policy must be executed for every relevant query.,"Table \`public.equipment_inspections\` has multiple permissive policies for role \`authenticated\` for action \`UPDATE\`. Policies include \`{""Admins can manage equipment inspections"",""Users can update their verification on inspections""}\`",https://supabase.com/docs/guides/database/database-linter?lint=0006_multiple_permissive_policies,"{""name"":""equipment_inspections"",""type"":""table"",""schema"":""public""}",multiple_permissive_policies_public_equipment_inspections_authenticated_UPDATE
multiple_permissive_policies,Multiple Permissive Policies,WARN,EXTERNAL,"[""PERFORMANCE""]",Detects if multiple permissive row level security policies are present on a table for the same \`role\` and \`action\` (e.g. insert). Multiple permissive policies are suboptimal for performance as each policy must be executed for every relevant query.,"Table \`public.equipment_photos\` has multiple permissive policies for role \`anon\` for action \`SELECT\`. Policies include \`{""Admins can manage equipment photos"",""Anyone can view equipment photos""}\`",https://supabase.com/docs/guides/database/database-linter?lint=0006_multiple_permissive_policies,"{""name"":""equipment_photos"",""type"":""table"",""schema"":""public""}",multiple_permissive_policies_public_equipment_photos_anon_SELECT
multiple_permissive_policies,Multiple Permissive Policies,WARN,EXTERNAL,"[""PERFORMANCE""]",Detects if multiple permissive row level security policies are present on a table for the same \`role\` and \`action\` (e.g. insert). Multiple permissive policies are suboptimal for performance as each policy must be executed for every relevant query.,"Table \`public.equipment_photos\` has multiple permissive policies for role \`authenticated\` for action \`DELETE\`. Policies include \`{""Admins can manage equipment photos"",""Equipment owners can delete photos""}\`",https://supabase.com/docs/guides/database/database-linter?lint=0006_multiple_permissive_policies,"{""name"":""equipment_photos"",""type"":""table"",""schema"":""public""}",multiple_permissive_policies_public_equipment_photos_authenticated_DELETE
multiple_permissive_policies,Multiple Permissive Policies,WARN,EXTERNAL,"[""PERFORMANCE""]",Detects if multiple permissive row level security policies are present on a table for the same \`role\` and \`action\` (e.g. insert). Multiple permissive policies are suboptimal for performance as each policy must be executed for every relevant query.,"Table \`public.equipment_photos\` has multiple permissive policies for role \`authenticated\` for action \`INSERT\`. Policies include \`{""Admins can manage equipment photos"",""Equipment owners can insert photos""}\`",https://supabase.com/docs/guides/database/database-linter?lint=0006_multiple_permissive_policies,"{""name"":""equipment_photos"",""type"":""table"",""schema"":""public""}",multiple_permissive_policies_public_equipment_photos_authenticated_INSERT
multiple_permissive_policies,Multiple Permissive Policies,WARN,EXTERNAL,"[""PERFORMANCE""]",Detects if multiple permissive row level security policies are present on a table for the same \`role\` and \`action\` (e.g. insert). Multiple permissive policies are suboptimal for performance as each policy must be executed for every relevant query.,"Table \`public.equipment_photos\` has multiple permissive policies for role \`authenticated\` for action \`SELECT\`. Policies include \`{""Admins can manage equipment photos"",""Anyone can view equipment photos""}\`",https://supabase.com/docs/guides/database/database-linter?lint=0006_multiple_permissive_policies,"{""name"":""equipment_photos"",""type"":""table"",""schema"":""public""}",multiple_permissive_policies_public_equipment_photos_authenticated_SELECT
multiple_permissive_policies,Multiple Permissive Policies,WARN,EXTERNAL,"[""PERFORMANCE""]",Detects if multiple permissive row level security policies are present on a table for the same \`role\` and \`action\` (e.g. insert). Multiple permissive policies are suboptimal for performance as each policy must be executed for every relevant query.,"Table \`public.equipment_photos\` has multiple permissive policies for role \`authenticated\` for action \`UPDATE\`. Policies include \`{""Admins can manage equipment photos"",""Equipment owners can update photos""}\`",https://supabase.com/docs/guides/database/database-linter?lint=0006_multiple_permissive_policies,"{""name"":""equipment_photos"",""type"":""table"",""schema"":""public""}",multiple_permissive_policies_public_equipment_photos_authenticated_UPDATE
multiple_permissive_policies,Multiple Permissive Policies,WARN,EXTERNAL,"[""PERFORMANCE""]",Detects if multiple permissive row level security policies are present on a table for the same \`role\` and \`action\` (e.g. insert). Multiple permissive policies are suboptimal for performance as each policy must be executed for every relevant query.,"Table \`public.equipment_photos\` has multiple permissive policies for role \`authenticator\` for action \`SELECT\`. Policies include \`{""Admins can manage equipment photos"",""Anyone can view equipment photos""}\`",https://supabase.com/docs/guides/database/database-linter?lint=0006_multiple_permissive_policies,"{""name"":""equipment_photos"",""type"":""table"",""schema"":""public""}",multiple_permissive_policies_public_equipment_photos_authenticator_SELECT
multiple_permissive_policies,Multiple Permissive Policies,WARN,EXTERNAL,"[""PERFORMANCE""]",Detects if multiple permissive row level security policies are present on a table for the same \`role\` and \`action\` (e.g. insert). Multiple permissive policies are suboptimal for performance as each policy must be executed for every relevant query.,"Table \`public.equipment_photos\` has multiple permissive policies for role \`cli_login_postgres\` for action \`SELECT\`. Policies include \`{""Admins can manage equipment photos"",""Anyone can view equipment photos""}\`",https://supabase.com/docs/guides/database/database-linter?lint=0006_multiple_permissive_policies,"{""name"":""equipment_photos"",""type"":""table"",""schema"":""public""}",multiple_permissive_policies_public_equipment_photos_cli_login_postgres_SELECT
multiple_permissive_policies,Multiple Permissive Policies,WARN,EXTERNAL,"[""PERFORMANCE""]",Detects if multiple permissive row level security policies are present on a table for the same \`role\` and \`action\` (e.g. insert). Multiple permissive policies are suboptimal for performance as each policy must be executed for every relevant query.,"Table \`public.equipment_photos\` has multiple permissive policies for role \`dashboard_user\` for action \`SELECT\`. Policies include \`{""Admins can manage equipment photos"",""Anyone can view equipment photos""}\`",https://supabase.com/docs/guides/database/database-linter?lint=0006_multiple_permissive_policies,"{""name"":""equipment_photos"",""type"":""table"",""schema"":""public""}",multiple_permissive_policies_public_equipment_photos_dashboard_user_SELECT
multiple_permissive_policies,Multiple Permissive Policies,WARN,EXTERNAL,"[""PERFORMANCE""]",Detects if multiple permissive row level security policies are present on a table for the same \`role\` and \`action\` (e.g. insert). Multiple permissive policies are suboptimal for performance as each policy must be executed for every relevant query.,"Table \`public.owner_profiles\` has multiple permissive policies for role \`authenticated\` for action \`INSERT\`. Policies include \`{""Admins can manage owner profiles"",""Users can insert their own owner profile""}\`",https://supabase.com/docs/guides/database/database-linter?lint=0006_multiple_permissive_policies,"{""name"":""owner_profiles"",""type"":""table"",""schema"":""public""}",multiple_permissive_policies_public_owner_profiles_authenticated_INSERT
multiple_permissive_policies,Multiple Permissive Policies,WARN,EXTERNAL,"[""PERFORMANCE""]",Detects if multiple permissive row level security policies are present on a table for the same \`role\` and \`action\` (e.g. insert). Multiple permissive policies are suboptimal for performance as each policy must be executed for every relevant query.,"Table \`public.owner_profiles\` has multiple permissive policies for role \`authenticated\` for action \`SELECT\`. Policies include \`{""Admins can manage owner profiles"",""Users can view their own owner profile""}\`",https://supabase.com/docs/guides/database/database-linter?lint=0006_multiple_permissive_policies,"{""name"":""owner_profiles"",""type"":""table"",""schema"":""public""}",multiple_permissive_policies_public_owner_profiles_authenticated_SELECT
multiple_permissive_policies,Multiple Permissive Policies,WARN,EXTERNAL,"[""PERFORMANCE""]",Detects if multiple permissive row level security policies are present on a table for the same \`role\` and \`action\` (e.g. insert). Multiple permissive policies are suboptimal for performance as each policy must be executed for every relevant query.,"Table \`public.owner_profiles\` has multiple permissive policies for role \`authenticated\` for action \`UPDATE\`. Policies include \`{""Admins can manage owner profiles"",""Users can update their own owner profile""}\`",https://supabase.com/docs/guides/database/database-linter?lint=0006_multiple_permissive_policies,"{""name"":""owner_profiles"",""type"":""table"",""schema"":""public""}",multiple_permissive_policies_public_owner_profiles_authenticated_UPDATE
multiple_permissive_policies,Multiple Permissive Policies,WARN,EXTERNAL,"[""PERFORMANCE""]",Detects if multiple permissive row level security policies are present on a table for the same \`role\` and \`action\` (e.g. insert). Multiple permissive policies are suboptimal for performance as each policy must be executed for every relevant query.,"Table \`public.payments\` has multiple permissive policies for role \`authenticated\` for action \`SELECT\`. Policies include \`{""Admins can manage payments"",""Authenticated users can view payments""}\`",https://supabase.com/docs/guides/database/database-linter?lint=0006_multiple_permissive_policies,"{""name"":""payments"",""type"":""table"",""schema"":""public""}",multiple_permissive_policies_public_payments_authenticated_SELECT
multiple_permissive_policies,Multiple Permissive Policies,WARN,EXTERNAL,"[""PERFORMANCE""]",Detects if multiple permissive row level security policies are present on a table for the same \`role\` and \`action\` (e.g. insert). Multiple permissive policies are suboptimal for performance as each policy must be executed for every relevant query.,"Table \`public.profiles\` has multiple permissive policies for role \`authenticated\` for action \`INSERT\`. Policies include \`{""Admins can manage profiles"",""Users can insert their own profile""}\`",https://supabase.com/docs/guides/database/database-linter?lint=0006_multiple_permissive_policies,"{""name"":""profiles"",""type"":""table"",""schema"":""public""}",multiple_permissive_policies_public_profiles_authenticated_INSERT
multiple_permissive_policies,Multiple Permissive Policies,WARN,EXTERNAL,"[""PERFORMANCE""]",Detects if multiple permissive row level security policies are present on a table for the same \`role\` and \`action\` (e.g. insert). Multiple permissive policies are suboptimal for performance as each policy must be executed for every relevant query.,"Table \`public.profiles\` has multiple permissive policies for role \`authenticated\` for action \`SELECT\`. Policies include \`{""Admins can manage profiles"",""Authenticated users can view profiles""}\`",https://supabase.com/docs/guides/database/database-linter?lint=0006_multiple_permissive_policies,"{""name"":""profiles"",""type"":""table"",""schema"":""public""}",multiple_permissive_policies_public_profiles_authenticated_SELECT
multiple_permissive_policies,Multiple Permissive Policies,WARN,EXTERNAL,"[""PERFORMANCE""]",Detects if multiple permissive row level security policies are present on a table for the same \`role\` and \`action\` (e.g. insert). Multiple permissive policies are suboptimal for performance as each policy must be executed for every relevant query.,"Table \`public.profiles\` has multiple permissive policies for role \`authenticated\` for action \`UPDATE\`. Policies include \`{""Admins can manage profiles"",""Authenticated users can update profiles""}\`",https://supabase.com/docs/guides/database/database-linter?lint=0006_multiple_permissive_policies,"{""name"":""profiles"",""type"":""table"",""schema"":""public""}",multiple_permissive_policies_public_profiles_authenticated_UPDATE
multiple_permissive_policies,Multiple Permissive Policies,WARN,EXTERNAL,"[""PERFORMANCE""]",Detects if multiple permissive row level security policies are present on a table for the same \`role\` and \`action\` (e.g. insert). Multiple permissive policies are suboptimal for performance as each policy must be executed for every relevant query.,"Table \`public.renter_profiles\` has multiple permissive policies for role \`authenticated\` for action \`INSERT\`. Policies include \`{""Admins can manage renter profiles"",""Users can insert their own renter profile""}\`",https://supabase.com/docs/guides/database/database-linter?lint=0006_multiple_permissive_policies,"{""name"":""renter_profiles"",""type"":""table"",""schema"":""public""}",multiple_permissive_policies_public_renter_profiles_authenticated_INSERT
multiple_permissive_policies,Multiple Permissive Policies,WARN,EXTERNAL,"[""PERFORMANCE""]",Detects if multiple permissive row level security policies are present on a table for the same \`role\` and \`action\` (e.g. insert). Multiple permissive policies are suboptimal for performance as each policy must be executed for every relevant query.,"Table \`public.renter_profiles\` has multiple permissive policies for role \`authenticated\` for action \`SELECT\`. Policies include \`{""Admins can manage renter profiles"",""Users can view their own renter profile""}\`",https://supabase.com/docs/guides/database/database-linter?lint=0006_multiple_permissive_policies,"{""name"":""renter_profiles"",""type"":""table"",""schema"":""public""}",multiple_permissive_policies_public_renter_profiles_authenticated_SELECT
multiple_permissive_policies,Multiple Permissive Policies,WARN,EXTERNAL,"[""PERFORMANCE""]",Detects if multiple permissive row level security policies are present on a table for the same \`role\` and \`action\` (e.g. insert). Multiple permissive policies are suboptimal for performance as each policy must be executed for every relevant query.,"Table \`public.renter_profiles\` has multiple permissive policies for role \`authenticated\` for action \`UPDATE\`. Policies include \`{""Admins can manage renter profiles"",""Users can update their own renter profile""}\`",https://supabase.com/docs/guides/database/database-linter?lint=0006_multiple_permissive_policies,"{""name"":""renter_profiles"",""type"":""table"",""schema"":""public""}",multiple_permissive_policies_public_renter_profiles_authenticated_UPDATE
multiple_permissive_policies,Multiple Permissive Policies,WARN,EXTERNAL,"[""PERFORMANCE""]",Detects if multiple permissive row level security policies are present on a table for the same \`role\` and \`action\` (e.g. insert). Multiple permissive policies are suboptimal for performance as each policy must be executed for every relevant query.,"Table \`public.user_verifications\` has multiple permissive policies for role \`authenticated\` for action \`INSERT\`. Policies include \`{""Admins can manage user verifications"",""Users can create their own verifications""}\`",https://supabase.com/docs/guides/database/database-linter?lint=0006_multiple_permissive_policies,"{""name"":""user_verifications"",""type"":""table"",""schema"":""public""}",multiple_permissive_policies_public_user_verifications_authenticated_INSERT
multiple_permissive_policies,Multiple Permissive Policies,WARN,EXTERNAL,"[""PERFORMANCE""]",Detects if multiple permissive row level security policies are present on a table for the same \`role\` and \`action\` (e.g. insert). Multiple permissive policies are suboptimal for performance as each policy must be executed for every relevant query.,"Table \`public.user_verifications\` has multiple permissive policies for role \`authenticated\` for action \`SELECT\`. Policies include \`{""Admins can manage user verifications"",""Users can view their own verifications""}\`",https://supabase.com/docs/guides/database/database-linter?lint=0006_multiple_permissive_policies,"{""name"":""user_verifications"",""type"":""table"",""schema"":""public""}",multiple_permissive_policies_public_user_verifications_authenticated_SELECT
multiple_permissive_policies,Multiple Permissive Policies,WARN,EXTERNAL,"[""PERFORMANCE""]",Detects if multiple permissive row level security policies are present on a table for the same \`role\` and \`action\` (e.g. insert). Multiple permissive policies are suboptimal for performance as each policy must be executed for every relevant query.,"Table \`public.user_verifications\` has multiple permissive policies for role \`authenticated\` for action \`UPDATE\`. Policies include \`{""Admins can manage user verifications"",""Users can update their own verifications""}\`",https://supabase.com/docs/guides/database/database-linter?lint=0006_multiple_permissive_policies,"{""name"":""user_verifications"",""type"":""table"",""schema"":""public""}",multiple_permissive_policies_public_user_verifications_authenticated_UPDATE